,Year,ant/green,Cumulative mass balance (Gt),Cumulative mass balance uncertainty (Gt)
0,1992.0,Antarctica,2.525,33.0081
1,1992.0833,Antarctica,5.05,46.6805
2,1992.1667,Antarctica,7.575,57.1717
3,1992.25,Antarctica,-3.3129,64.5389
4,1992.3333,Antarctica,-14.2009,71.1473
5,1992.4167,Antarctica,-18.8227,75.36
6,1992.5,Antarctica,-23.4446,79.3494
7,1992.5833,Antarctica,-28.0665,83.1476
8,1992.6667,Antarctica,-32.6883,86.7798
9,1992.75,Antarctica,-37.3102,90.2659
10,1992.8333,Antarctica,-41.9321,93.6223
11,1992.9167,Antarctica,-46.5539,96.8624
12,1993.0,Antarctica,-53.2358,100.0886
13,1993.0833,Antarctica,-59.9177,103.214
14,1993.1667,Antarctica,-66.5996,106.2475
15,1993.25,Antarctica,-73.2815,109.1968
16,1993.3333,Antarctica,-79.9634,112.0684
17,1993.4167,Antarctica,-86.6453,114.8684
18,1993.5,Antarctica,-93.3272,117.6016
19,1993.5833,Antarctica,-100.0091,120.2728
20,1993.6667,Antarctica,-106.691,122.8859
21,1993.75,Antarctica,-113.3729,125.4446
22,1993.8333,Antarctica,-120.0548,127.9521
23,1993.9167,Antarctica,-126.7367,130.4115
24,1994.0,Antarctica,-134.1763,132.755
25,1994.0833,Antarctica,-141.6158,135.0579
26,1994.1667,Antarctica,-149.0554,137.3222
27,1994.25,Antarctica,-156.4949,139.5498
28,1994.3333,Antarctica,-163.9345,141.7423
29,1994.4167,Antarctica,-171.374,143.9015
30,1994.5,Antarctica,-178.8136,146.0287
31,1994.5833,Antarctica,-186.2531,148.1254
32,1994.6667,Antarctica,-193.6927,150.1928
33,1994.75,Antarctica,-201.1323,152.2321
34,1994.8333,Antarctica,-208.5718,154.2445
35,1994.9167,Antarctica,-216.0114,156.231
36,1995.0,Antarctica,-224.1581,158.2205
37,1995.0833,Antarctica,-232.3047,160.1854
38,1995.1667,Antarctica,-240.4514,162.1264
39,1995.25,Antarctica,-248.5981,164.0445
40,1995.3333,Antarctica,-256.7448,165.9404
41,1995.4167,Antarctica,-262.675,167.808
42,1995.5,Antarctica,-268.6052,169.6551
43,1995.5833,Antarctica,-274.5354,171.4822
44,1995.6667,Antarctica,-280.4656,173.2901
45,1995.75,Antarctica,-286.3958,175.0793
46,1995.8333,Antarctica,-292.326,176.8504
47,1995.9167,Antarctica,-298.2562,178.604
48,1996.0,Antarctica,-303.9195,180.3629
49,1996.0833,Antarctica,-309.5828,182.1049
50,1996.1667,Antarctica,-315.2461,183.8303
51,1996.25,Antarctica,-320.9094,185.5397
52,1996.3333,Antarctica,-326.5726,187.2334
53,1996.4167,Antarctica,-332.2359,188.912
54,1996.5,Antarctica,-335.3437,190.5709
55,1996.5833,Antarctica,-338.4514,192.2155
56,1996.6667,Antarctica,-341.5591,193.8462
57,1996.75,Antarctica,-344.6668,195.4632
58,1996.8333,Antarctica,-347.7745,197.067
59,1996.9167,Antarctica,-350.8822,198.6578
60,1997.0,Antarctica,-351.5116,200.2037
61,1997.0833,Antarctica,-352.1409,201.7376
62,1997.1667,Antarctica,-352.7703,203.26
63,1997.25,Antarctica,-353.3997,204.7711
64,1997.3333,Antarctica,-354.029,206.2712
65,1997.4167,Antarctica,-354.6584,207.7604
66,1997.5,Antarctica,-355.2878,209.2389
67,1997.5833,Antarctica,-355.9171,210.7072
68,1997.6667,Antarctica,-356.5465,212.1652
69,1997.75,Antarctica,-357.1758,213.6133
70,1997.8333,Antarctica,-357.8052,215.0517
71,1997.9167,Antarctica,-358.4346,216.4805
72,1998.0,Antarctica,-359.517,217.9211
73,1998.0833,Antarctica,-360.5994,219.3523
74,1998.1667,Antarctica,-361.6818,220.7742
75,1998.25,Antarctica,-362.7643,222.187
76,1998.3333,Antarctica,-363.8467,223.5909
77,1998.4167,Antarctica,-364.9291,224.9861
78,1998.5,Antarctica,-366.0116,226.3726
79,1998.5833,Antarctica,-367.094,227.7507
80,1998.6667,Antarctica,-368.1764,229.1205
81,1998.75,Antarctica,-369.2588,230.4821
82,1998.8333,Antarctica,-370.3413,231.8358
83,1998.9167,Antarctica,-371.4237,233.1816
84,1999.0,Antarctica,-373.1623,234.5509
85,1999.0833,Antarctica,-374.9009,235.9123
86,1999.1667,Antarctica,-376.6394,237.2659
87,1999.25,Antarctica,-378.378,238.6118
88,1999.3333,Antarctica,-380.1166,239.9501
89,1999.4167,Antarctica,-381.8552,241.281
90,1999.5,Antarctica,-383.5937,242.6047
91,1999.5833,Antarctica,-385.3323,243.9211
92,1999.6667,Antarctica,-387.0709,245.2305
93,1999.75,Antarctica,-388.8095,246.5329
94,1999.8333,Antarctica,-390.548,247.8285
95,1999.9167,Antarctica,-392.2866,249.1173
96,2000.0,Antarctica,-394.3001,250.3376
97,2000.0833,Antarctica,-396.3137,251.5521
98,2000.1667,Antarctica,-398.3272,252.7606
99,2000.25,Antarctica,-400.3407,253.9635
100,2000.3333,Antarctica,-402.3543,255.1606
101,2000.4167,Antarctica,-404.3678,256.3522
102,2000.5,Antarctica,-406.3813,257.5383
103,2000.5833,Antarctica,-408.3948,258.7189
104,2000.6667,Antarctica,-410.4084,259.8941
105,2000.75,Antarctica,-412.4219,261.0641
106,2000.8333,Antarctica,-414.4354,262.2289
107,2000.9167,Antarctica,-416.4489,263.3884
108,2001.0,Antarctica,-419.0723,264.556
109,2001.0833,Antarctica,-421.6957,265.7184
110,2001.1667,Antarctica,-424.319,266.8757
111,2001.25,Antarctica,-426.9424,268.028
112,2001.3333,Antarctica,-429.5657,269.1754
113,2001.4167,Antarctica,-432.1891,270.318
114,2001.5,Antarctica,-434.8124,271.4557
115,2001.5833,Antarctica,-437.4358,272.5887
116,2001.6667,Antarctica,-440.0591,273.7169
117,2001.75,Antarctica,-442.6825,274.8406
118,2001.8333,Antarctica,-445.3058,275.9597
119,2001.9167,Antarctica,-447.9292,277.0742
120,2002.0,Antarctica,-450.1265,278.1597
121,2002.0833,Antarctica,-452.3238,279.2409
122,2002.1667,Antarctica,-454.5211,280.318
123,2002.25,Antarctica,-456.7184,281.3909
124,2002.3333,Antarctica,-458.9157,282.4598
125,2002.4167,Antarctica,-461.933,283.5204
126,2002.5,Antarctica,-464.9503,284.5771
127,2002.5833,Antarctica,-468.0258,285.5977
128,2002.6667,Antarctica,-471.1013,286.6146
129,2002.75,Antarctica,-474.1769,287.628
130,2002.8333,Antarctica,-477.2524,288.6378
131,2002.9167,Antarctica,-480.3279,289.644
132,2003.0,Antarctica,-485.6248,290.9315
133,2003.0833,Antarctica,-491.1953,292.2174
134,2003.1667,Antarctica,-497.0051,293.4844
135,2003.25,Antarctica,-502.6998,294.7365
136,2003.3333,Antarctica,-508.0912,295.9937
137,2003.4167,Antarctica,-513.368,297.2393
138,2003.5,Antarctica,-518.6467,298.4743
139,2003.5833,Antarctica,-524.5713,299.6962
140,2003.6667,Antarctica,-530.6426,300.9146
141,2003.75,Antarctica,-537.3761,302.1052
142,2003.8333,Antarctica,-544.0651,303.2819
143,2003.9167,Antarctica,-550.5558,304.4278
144,2004.0,Antarctica,-556.7618,305.6081
145,2004.0833,Antarctica,-562.8537,306.7827
146,2004.1667,Antarctica,-568.9452,307.9522
147,2004.25,Antarctica,-574.8597,309.1306
148,2004.3333,Antarctica,-580.5192,310.305
149,2004.4167,Antarctica,-586.0047,311.4908
150,2004.5,Antarctica,-591.399,312.6771
151,2004.5833,Antarctica,-596.8763,313.8443
152,2004.6667,Antarctica,-602.3791,315.0069
153,2004.75,Antarctica,-607.8664,316.1626
154,2004.8333,Antarctica,-613.1776,317.2992
155,2004.9167,Antarctica,-618.278,318.4272
156,2005.0,Antarctica,-623.2876,319.5446
157,2005.0833,Antarctica,-628.2423,320.6362
158,2005.1667,Antarctica,-632.9853,321.7186
159,2005.25,Antarctica,-637.536,322.7956
160,2005.3333,Antarctica,-641.8947,323.8553
161,2005.4167,Antarctica,-646.1411,324.8986
162,2005.5,Antarctica,-650.3289,325.9287
163,2005.5833,Antarctica,-654.8053,326.9852
164,2005.6667,Antarctica,-659.713,328.0497
165,2005.75,Antarctica,-664.8406,329.1271
166,2005.8333,Antarctica,-670.1307,330.1986
167,2005.9167,Antarctica,-675.2981,331.2621
168,2006.0,Antarctica,-681.5946,332.3696
169,2006.0833,Antarctica,-688.0693,333.436
170,2006.1667,Antarctica,-694.5754,334.4939
171,2006.25,Antarctica,-701.0162,335.5633
172,2006.3333,Antarctica,-707.3764,336.6509
173,2006.4167,Antarctica,-713.8846,337.7186
174,2006.5,Antarctica,-720.6566,338.7622
175,2006.5833,Antarctica,-727.9138,339.8551
176,2006.6667,Antarctica,-735.5194,340.9376
177,2006.75,Antarctica,-743.4616,342.0138
178,2006.8333,Antarctica,-751.5989,343.07
179,2006.9167,Antarctica,-759.949,344.1017
180,2007.0,Antarctica,-769.0949,345.0933
181,2007.0833,Antarctica,-778.5074,346.102
182,2007.1667,Antarctica,-788.1989,347.105
183,2007.25,Antarctica,-797.8489,348.1006
184,2007.3333,Antarctica,-807.4241,349.0941
185,2007.4167,Antarctica,-816.8739,350.0861
186,2007.5,Antarctica,-826.3011,351.0687
187,2007.5833,Antarctica,-835.8978,352.034
188,2007.6667,Antarctica,-845.6335,352.9783
189,2007.75,Antarctica,-855.3274,353.9403
190,2007.8333,Antarctica,-864.911,354.9329
191,2007.9167,Antarctica,-874.3994,355.9437
192,2008.0,Antarctica,-884.0639,356.986
193,2008.0833,Antarctica,-893.6015,358.0867
194,2008.1667,Antarctica,-902.9555,359.2482
195,2008.25,Antarctica,-912.0879,360.4396
196,2008.3333,Antarctica,-921.06,361.6372
197,2008.4167,Antarctica,-929.9255,362.8449
198,2008.5,Antarctica,-938.7057,364.0456
199,2008.5833,Antarctica,-947.6422,365.2517
200,2008.6667,Antarctica,-956.7194,366.4642
201,2008.75,Antarctica,-965.8435,367.698
202,2008.8333,Antarctica,-975.658,368.881
203,2008.9167,Antarctica,-985.3654,370.0364
204,2009.0,Antarctica,-994.3114,371.2848
205,2009.0833,Antarctica,-1003.3463,372.5738
206,2009.1667,Antarctica,-1012.3606,373.8551
207,2009.25,Antarctica,-1021.2063,375.0905
208,2009.3333,Antarctica,-1030.0263,376.3171
209,2009.4167,Antarctica,-1038.8846,377.551
210,2009.5,Antarctica,-1047.7648,378.8
211,2009.5833,Antarctica,-1056.9206,380.0709
212,2009.6667,Antarctica,-1066.3294,381.3721
213,2009.75,Antarctica,-1076.0265,382.7082
214,2009.8333,Antarctica,-1085.7691,384.0149
215,2009.9167,Antarctica,-1095.6386,385.3357
216,2010.0,Antarctica,-1106.9524,386.6318
217,2010.0833,Antarctica,-1118.5562,387.9163
218,2010.1667,Antarctica,-1130.2401,389.1707
219,2010.25,Antarctica,-1141.6699,390.4022
220,2010.3333,Antarctica,-1152.8008,391.5911
221,2010.4167,Antarctica,-1163.83,392.7624
222,2010.5,Antarctica,-1174.7962,393.92
223,2010.5833,Antarctica,-1187.5989,394.9093
224,2010.6667,Antarctica,-1200.4658,395.8889
225,2010.75,Antarctica,-1213.3458,396.8612
226,2010.8333,Antarctica,-1226.1344,397.817
227,2010.9167,Antarctica,-1238.8924,398.767
228,2011.0,Antarctica,-1253.8611,399.7019
229,2011.0833,Antarctica,-1268.7814,400.6449
230,2011.1667,Antarctica,-1283.4797,401.5734
231,2011.25,Antarctica,-1297.8706,402.5092
232,2011.3333,Antarctica,-1312.1378,403.4438
233,2011.4167,Antarctica,-1326.2042,404.371
234,2011.5,Antarctica,-1340.1371,405.3441
235,2011.5833,Antarctica,-1354.2403,406.2606
236,2011.6667,Antarctica,-1368.4871,407.1882
237,2011.75,Antarctica,-1382.5888,408.1391
238,2011.8333,Antarctica,-1396.4288,409.1555
239,2011.9167,Antarctica,-1410.177,410.1711
240,2012.0,Antarctica,-1423.0261,411.2953
241,2012.0833,Antarctica,-1435.9783,412.3666
242,2012.1667,Antarctica,-1448.9467,413.4081
243,2012.25,Antarctica,-1461.8925,414.4299
244,2012.3333,Antarctica,-1476.3833,415.3947
245,2012.4167,Antarctica,-1490.9284,416.2789
246,2012.5,Antarctica,-1504.9668,417.1054
247,2012.5833,Antarctica,-1519.2506,417.9605
248,2012.6667,Antarctica,-1533.6024,418.8112
249,2012.75,Antarctica,-1548.2186,419.6595
250,2012.8333,Antarctica,-1563.0187,420.4833
251,2012.9167,Antarctica,-1577.9138,421.292
252,2013.0,Antarctica,-1593.5336,422.1214
253,2013.0833,Antarctica,-1609.2754,422.9459
254,2013.1667,Antarctica,-1625.0464,423.7679
255,2013.25,Antarctica,-1640.6008,424.5946
256,2013.3333,Antarctica,-1656.012,425.4345
257,2013.4167,Antarctica,-1671.3183,426.2836
258,2013.5,Antarctica,-1686.6062,427.1331
259,2013.5833,Antarctica,-1702.0224,428.0021
260,2013.6667,Antarctica,-1717.6205,428.885
261,2013.75,Antarctica,-1733.374,429.7681
262,2013.8333,Antarctica,-1749.2966,430.6518
263,2013.9167,Antarctica,-1765.2214,431.5323
264,2014.0,Antarctica,-1781.7229,432.3784
265,2014.0833,Antarctica,-1798.4856,433.1608
266,2014.1667,Antarctica,-1815.2984,433.9444
267,2014.25,Antarctica,-1831.9409,434.7283
268,2014.3333,Antarctica,-1848.5814,435.5112
269,2014.4167,Antarctica,-1865.2023,436.298
270,2014.5,Antarctica,-1881.8207,437.0941
271,2014.5833,Antarctica,-1898.5893,437.8868
272,2014.6667,Antarctica,-1915.5551,438.6543
273,2014.75,Antarctica,-1932.4402,439.4208
274,2014.8333,Antarctica,-1949.2702,440.1888
275,2014.9167,Antarctica,-1966.0038,440.9573
276,2015.0,Antarctica,-1977.8593,441.7273
277,2015.0833,Antarctica,-1989.0358,442.5431
278,2015.1667,Antarctica,-1999.9803,443.3976
279,2015.25,Antarctica,-2010.8926,444.2531
280,2015.3333,Antarctica,-2021.666,445.1093
281,2015.4167,Antarctica,-2032.2312,445.9714
282,2015.5,Antarctica,-2042.557,446.8493
283,2015.5833,Antarctica,-2052.9088,447.7571
284,2015.6667,Antarctica,-2063.2648,448.6651
285,2015.75,Antarctica,-2073.7393,449.6254
286,2015.8333,Antarctica,-2084.0388,450.6041
287,2015.9167,Antarctica,-2094.1201,451.5747
288,2016.0,Antarctica,-2100.415,452.5672
289,2016.0833,Antarctica,-2106.6873,453.5386
290,2016.1667,Antarctica,-2112.8068,454.5122
291,2016.25,Antarctica,-2118.6334,455.4457
292,2016.3333,Antarctica,-2124.1713,456.3589
293,2016.4167,Antarctica,-2129.303,457.241
294,2016.5,Antarctica,-2134.4038,458.121
295,2016.5833,Antarctica,-2139.3596,459.0134
296,2016.6667,Antarctica,-2144.2798,459.9209
297,2016.75,Antarctica,-2149.099,460.8452
298,2016.8333,Antarctica,-2153.5822,461.7866
299,2016.9167,Antarctica,-2158.0384,462.729
300,2017.0,Antarctica,-2165.1701,463.7146
301,2017.0833,Antarctica,-2172.5452,464.7388
302,2017.1667,Antarctica,-2180.0016,465.7864
303,2017.25,Antarctica,-2187.4591,466.8279
304,2017.3333,Antarctica,-2192.3867,467.886
305,2017.4167,Antarctica,-2197.5336,468.9365
306,2017.5,Antarctica,-2203.0435,469.9912
307,2017.5833,Antarctica,-2208.8971,471.0357
308,2017.6667,Antarctica,-2215.0637,472.0629
309,2017.75,Antarctica,-2221.5088,473.049
310,2017.8333,Antarctica,-2227.8527,474.0575
311,2017.9167,Antarctica,-2234.4446,475.0312
312,2018.0,Antarctica,-2247.6162,476.0199
313,2018.0833,Antarctica,-2260.4712,477.0113
314,2018.1667,Antarctica,-2272.92,477.9745
315,2018.25,Antarctica,-2285.0846,478.969
316,2018.3333,Antarctica,-2297.2,479.9609
317,2018.4167,Antarctica,-2309.432,480.969
318,2018.5,Antarctica,-2321.656,482.0025
319,2018.5833,Antarctica,-2338.7542,483.1485
320,2018.6667,Antarctica,-2356.1473,484.3718
321,2018.75,Antarctica,-2373.9663,485.5098
322,2018.8333,Antarctica,-2391.8933,486.6526
323,2018.9167,Antarctica,-2410.0248,487.7862
324,2019.0,Antarctica,-2428.441,489.1474
325,2019.0833,Antarctica,-2443.1221,490.5863
326,2019.1667,Antarctica,-2456.6903,492.1692
327,2019.25,Antarctica,-2470.1115,493.7432
328,2019.3333,Antarctica,-2483.5693,495.3068
329,2019.4167,Antarctica,-2497.0659,496.8625
330,2019.5,Antarctica,-2510.5625,498.4134
331,2019.5833,Antarctica,-2524.0591,499.9595
332,2019.6667,Antarctica,-2537.5557,501.5008
333,2019.75,Antarctica,-2550.9183,503.0453
334,2019.8333,Antarctica,-2564.2808,504.5852
335,2019.9167,Antarctica,-2577.6854,506.1329
336,2020.0,Antarctica,-2591.0899,507.6758
337,2020.0833,Antarctica,-2598.3119,509.7293
338,2020.1667,Antarctica,-2605.534,511.7745
339,2020.25,Antarctica,-2612.756,513.8116
340,2020.3333,Antarctica,-2619.9781,515.8407
341,2020.4167,Antarctica,-2627.2001,517.8617
342,2020.5,Antarctica,-2634.4222,519.875
343,2020.5833,Antarctica,-2641.6442,521.8805
344,2020.6667,Antarctica,-2648.8663,523.8783
345,2020.75,Antarctica,-2656.0883,525.8685
346,2020.8333,Antarctica,-2663.3104,527.8512
347,2020.9167,Antarctica,-2670.5324,529.8264
348,1992.0,Greenland,-0.6472,16.2813
349,1992.0833,Greenland,-1.2944,23.0252
350,1992.1667,Greenland,-1.9417,28.2
351,1992.25,Greenland,-2.5889,32.5626
352,1992.3333,Greenland,-3.2361,36.406
353,1992.4167,Greenland,-3.8833,39.8808
354,1992.5,Greenland,-4.5306,43.0762
355,1992.5833,Greenland,-5.1778,46.0504
356,1992.6667,Greenland,-5.825,48.8438
357,1992.75,Greenland,-6.4722,51.4859
358,1992.8333,Greenland,-7.1194,53.9989
359,1992.9167,Greenland,-7.7667,56.4
360,1993.0,Greenland,-9.7972,58.7057
361,1993.0833,Greenland,-11.8278,60.9241
362,1993.1667,Greenland,-13.8583,63.0646
363,1993.25,Greenland,-15.8889,65.1347
364,1993.3333,Greenland,-17.9194,67.1411
365,1993.4167,Greenland,-19.95,69.0892
366,1993.5,Greenland,-21.9806,70.9839
367,1993.5833,Greenland,-24.0111,72.8293
368,1993.6667,Greenland,-26.0417,74.6291
369,1993.75,Greenland,-28.0722,76.3865
370,1993.8333,Greenland,-30.1028,78.1043
371,1993.9167,Greenland,-32.1333,79.7852
372,1994.0,Greenland,-40.9889,81.4295
373,1994.0833,Greenland,-49.8444,83.0412
374,1994.1667,Greenland,-58.7,84.6222
375,1994.25,Greenland,-67.5556,86.1742
376,1994.3333,Greenland,-76.4111,87.6988
377,1994.4167,Greenland,-85.2667,89.1973
378,1994.5,Greenland,-94.1222,90.6711
379,1994.5833,Greenland,-102.9778,92.1212
380,1994.6667,Greenland,-111.8333,93.5489
381,1994.75,Greenland,-120.6889,94.9552
382,1994.8333,Greenland,-129.5444,96.3409
383,1994.9167,Greenland,-138.4,97.7069
384,1995.0,Greenland,-142.1619,100.2357
385,1995.0833,Greenland,-145.9238,102.7022
386,1995.1667,Greenland,-149.6858,105.1109
387,1995.25,Greenland,-153.4477,107.4655
388,1995.3333,Greenland,-157.2096,109.7697
389,1995.4167,Greenland,-160.9715,112.0265
390,1995.5,Greenland,-164.7335,114.2387
391,1995.5833,Greenland,-168.4954,116.4089
392,1995.6667,Greenland,-172.2573,118.5394
393,1995.75,Greenland,-176.0192,120.6323
394,1995.8333,Greenland,-179.7812,122.6894
395,1995.9167,Greenland,-183.5431,124.7126
396,1996.0,Greenland,-182.8793,126.7556
397,1996.0833,Greenland,-182.2155,128.7662
398,1996.1667,Greenland,-181.5517,130.7459
399,1996.25,Greenland,-180.8879,132.696
400,1996.3333,Greenland,-180.2241,134.6179
401,1996.4167,Greenland,-179.5603,136.5127
402,1996.5,Greenland,-178.8966,138.3816
403,1996.5833,Greenland,-178.2328,140.2256
404,1996.6667,Greenland,-177.569,142.0457
405,1996.75,Greenland,-176.9052,143.8427
406,1996.8333,Greenland,-176.2414,145.6175
407,1996.9167,Greenland,-175.5776,147.371
408,1997.0,Greenland,-175.9676,149.1765
409,1997.0833,Greenland,-176.3576,150.9604
410,1997.1667,Greenland,-176.7476,152.7234
411,1997.25,Greenland,-177.1376,154.4663
412,1997.3333,Greenland,-177.5276,156.1898
413,1997.4167,Greenland,-177.9176,157.8944
414,1997.5,Greenland,-178.3076,159.5809
415,1997.5833,Greenland,-178.6976,161.2497
416,1997.6667,Greenland,-179.0876,162.9014
417,1997.75,Greenland,-179.4776,164.5366
418,1997.8333,Greenland,-179.8676,166.1556
419,1997.9167,Greenland,-180.2576,167.759
420,1998.0,Greenland,-184.7953,169.3477
421,1998.0833,Greenland,-189.3329,170.9217
422,1998.1667,Greenland,-193.8706,172.4812
423,1998.25,Greenland,-198.4082,174.0268
424,1998.3333,Greenland,-202.9458,175.5588
425,1998.4167,Greenland,-207.4835,177.0776
426,1998.5,Greenland,-212.0211,178.5834
427,1998.5833,Greenland,-216.5588,180.0766
428,1998.6667,Greenland,-221.0964,181.5576
429,1998.75,Greenland,-225.634,183.0266
430,1998.8333,Greenland,-230.1717,184.4838
431,1998.9167,Greenland,-234.7093,185.9297
432,1999.0,Greenland,-240.9069,187.35
433,1999.0833,Greenland,-247.1046,188.7596
434,1999.1667,Greenland,-253.3022,190.1588
435,1999.25,Greenland,-259.4998,191.5477
436,1999.3333,Greenland,-265.6974,192.9267
437,1999.4167,Greenland,-271.895,194.2959
438,1999.5,Greenland,-278.0926,195.6555
439,1999.5833,Greenland,-284.2902,197.0057
440,1999.6667,Greenland,-290.4878,198.3467
441,1999.75,Greenland,-296.6855,199.6787
442,1999.8333,Greenland,-302.8831,201.0019
443,1999.9167,Greenland,-309.0807,202.3164
444,2000.0,Greenland,-311.5359,203.5893
445,2000.0833,Greenland,-313.9912,204.8544
446,2000.1667,Greenland,-316.4465,206.1116
447,2000.25,Greenland,-318.9017,207.3613
448,2000.3333,Greenland,-321.357,208.6035
449,2000.4167,Greenland,-323.8123,209.8383
450,2000.5,Greenland,-326.2675,211.0659
451,2000.5833,Greenland,-328.7228,212.2864
452,2000.6667,Greenland,-331.178,213.4999
453,2000.75,Greenland,-333.6333,214.7065
454,2000.8333,Greenland,-336.0886,215.9064
455,2000.9167,Greenland,-338.5438,217.0997
456,2001.0,Greenland,-344.9469,218.343
457,2001.0833,Greenland,-351.35,219.5793
458,2001.1667,Greenland,-357.7531,220.8086
459,2001.25,Greenland,-364.1562,222.0311
460,2001.3333,Greenland,-370.5594,223.247
461,2001.4167,Greenland,-376.9625,224.4562
462,2001.5,Greenland,-383.3656,225.659
463,2001.5833,Greenland,-389.7687,226.8554
464,2001.6667,Greenland,-396.1718,228.0455
465,2001.75,Greenland,-402.5749,229.2294
466,2001.8333,Greenland,-408.978,230.4073
467,2001.9167,Greenland,-415.3811,231.5792
468,2002.0,Greenland,-426.3901,233.4732
469,2002.0833,Greenland,-437.3992,235.352
470,2002.1667,Greenland,-448.4083,237.216
471,2002.25,Greenland,-459.4173,239.0654
472,2002.3333,Greenland,-470.4264,240.9006
473,2002.4167,Greenland,-481.4355,242.722
474,2002.5,Greenland,-492.4445,244.5297
475,2002.5833,Greenland,-503.4536,246.3242
476,2002.6667,Greenland,-514.4626,248.1058
477,2002.75,Greenland,-525.4717,249.8746
478,2002.8333,Greenland,-536.4808,251.631
479,2002.9167,Greenland,-547.4898,253.3752
480,2003.0,Greenland,-559.6476,254.8935
481,2003.0833,Greenland,-571.9282,256.3612
482,2003.1667,Greenland,-584.5842,257.8243
483,2003.25,Greenland,-597.0188,258.8309
484,2003.3333,Greenland,-609.6076,259.841
485,2003.4167,Greenland,-622.3054,260.8442
486,2003.5,Greenland,-635.0267,261.8229
487,2003.5833,Greenland,-647.7554,262.7795
488,2003.6667,Greenland,-660.4377,263.7192
489,2003.75,Greenland,-675.0023,264.8326
490,2003.8333,Greenland,-689.3574,265.9541
491,2003.9167,Greenland,-703.3937,267.0702
492,2004.0,Greenland,-717.6222,268.1602
493,2004.0833,Greenland,-731.887,269.2324
494,2004.1667,Greenland,-746.5007,270.3232
495,2004.25,Greenland,-761.5624,271.452
496,2004.3333,Greenland,-776.9698,272.5972
497,2004.4167,Greenland,-792.6158,273.7463
498,2004.5,Greenland,-808.3424,274.8776
499,2004.5833,Greenland,-824.1065,275.9993
500,2004.6667,Greenland,-839.8795,277.11
501,2004.75,Greenland,-855.4778,278.2165
502,2004.8333,Greenland,-870.8549,279.3002
503,2004.9167,Greenland,-885.9258,280.3386
504,2005.0,Greenland,-901.7931,281.3508
505,2005.0833,Greenland,-917.6214,282.3575
506,2005.1667,Greenland,-933.6929,283.369
507,2005.25,Greenland,-950.0626,284.3825
508,2005.3333,Greenland,-966.662,285.3905
509,2005.4167,Greenland,-983.4465,286.3793
510,2005.5,Greenland,-1000.3866,287.3583
511,2005.5833,Greenland,-1017.4088,288.3259
512,2005.6667,Greenland,-1034.3975,289.294
513,2005.75,Greenland,-1051.3023,290.2653
514,2005.8333,Greenland,-1067.9803,291.2395
515,2005.9167,Greenland,-1084.4013,292.2113
516,2006.0,Greenland,-1101.6254,293.1876
517,2006.0833,Greenland,-1118.8938,294.1637
518,2006.1667,Greenland,-1136.4824,295.1788
519,2006.25,Greenland,-1154.502,296.2307
520,2006.3333,Greenland,-1174.514,297.2899
521,2006.4167,Greenland,-1194.7682,298.341
522,2006.5,Greenland,-1215.1285,299.3809
523,2006.5833,Greenland,-1235.542,300.4069
524,2006.6667,Greenland,-1255.8695,301.4372
525,2006.75,Greenland,-1275.9527,302.4733
526,2006.8333,Greenland,-1295.7231,303.4992
527,2006.9167,Greenland,-1315.2025,304.4962
528,2007.0,Greenland,-1334.7991,305.3654
529,2007.0833,Greenland,-1354.3729,306.2275
530,2007.1667,Greenland,-1374.2574,307.1286
531,2007.25,Greenland,-1394.5538,308.0296
532,2007.3333,Greenland,-1415.1606,308.9129
533,2007.4167,Greenland,-1435.9709,309.7578
534,2007.5,Greenland,-1456.7869,310.5938
535,2007.5833,Greenland,-1477.4673,311.4539
536,2007.6667,Greenland,-1498.0459,312.3238
537,2007.75,Greenland,-1518.4752,313.2002
538,2007.8333,Greenland,-1538.7432,314.0819
539,2007.9167,Greenland,-1558.7745,314.9775
540,2008.0,Greenland,-1578.5471,315.8608
541,2008.0833,Greenland,-1598.1764,316.7355
542,2008.1667,Greenland,-1618.0201,317.6335
543,2008.25,Greenland,-1638.1523,318.5559
544,2008.3333,Greenland,-1658.4784,319.4767
545,2008.4167,Greenland,-1678.9072,320.4015
546,2008.5,Greenland,-1699.3786,321.3204
547,2008.5833,Greenland,-1719.8144,322.2389
548,2008.6667,Greenland,-1740.1355,323.1551
549,2008.75,Greenland,-1760.2801,324.076
550,2008.8333,Greenland,-1780.1967,324.9812
551,2008.9167,Greenland,-1799.8119,325.8583
552,2009.0,Greenland,-1819.5527,326.6886
553,2009.0833,Greenland,-1839.411,327.5338
554,2009.1667,Greenland,-1859.7733,328.4702
555,2009.25,Greenland,-1880.644,329.501
556,2009.3333,Greenland,-1902.5888,330.56
557,2009.4167,Greenland,-1924.8251,331.6137
558,2009.5,Greenland,-1947.2685,332.6565
559,2009.5833,Greenland,-1969.7966,333.701
560,2009.6667,Greenland,-1992.3573,334.7383
561,2009.75,Greenland,-2014.8438,335.7722
562,2009.8333,Greenland,-2038.7399,336.8053
563,2009.9167,Greenland,-2062.522,337.8339
564,2010.0,Greenland,-2088.144,338.7432
565,2010.0833,Greenland,-2113.8695,339.6587
566,2010.1667,Greenland,-2139.875,340.5781
567,2010.25,Greenland,-2166.1833,341.4743
568,2010.3333,Greenland,-2192.7907,342.3158
569,2010.4167,Greenland,-2219.5841,343.1206
570,2010.5,Greenland,-2246.4842,343.9058
571,2010.5833,Greenland,-2273.4306,344.6805
572,2010.6667,Greenland,-2300.4001,345.4536
573,2010.75,Greenland,-2327.2937,346.2464
574,2010.8333,Greenland,-2354.0665,347.0747
575,2010.9167,Greenland,-2380.7611,347.9106
576,2011.0,Greenland,-2407.8358,348.8555
577,2011.0833,Greenland,-2434.8616,349.7944
578,2011.1667,Greenland,-2462.1903,350.7835
579,2011.25,Greenland,-2489.8916,351.8253
580,2011.3333,Greenland,-2517.8155,352.8589
581,2011.4167,Greenland,-2545.9685,353.8803
582,2011.5,Greenland,-2574.2244,354.8942
583,2011.5833,Greenland,-2602.4645,355.9083
584,2011.6667,Greenland,-2630.629,356.9271
585,2011.75,Greenland,-2658.6761,357.9551
586,2011.8333,Greenland,-2686.475,358.9822
587,2011.9167,Greenland,-2713.9301,359.9819
588,2012.0,Greenland,-2740.5224,361.0112
589,2012.0833,Greenland,-2767.5013,362.1241
590,2012.1667,Greenland,-2794.5717,363.2415
591,2012.25,Greenland,-2821.8428,364.3373
592,2012.3333,Greenland,-2849.5315,365.4508
593,2012.4167,Greenland,-2877.1681,366.5778
594,2012.5,Greenland,-2903.5207,367.7112
595,2012.5833,Greenland,-2929.6719,368.8635
596,2012.6667,Greenland,-2955.4997,370.0369
597,2012.75,Greenland,-2980.6284,371.2376
598,2012.8333,Greenland,-3004.9185,372.4149
599,2012.9167,Greenland,-3028.2759,373.5459
600,2013.0,Greenland,-3046.0655,374.6174
601,2013.0833,Greenland,-3063.788,375.6967
602,2013.1667,Greenland,-3081.8556,376.7826
603,2013.25,Greenland,-3099.991,377.8788
604,2013.3333,Greenland,-3118.1395,378.9853
605,2013.4167,Greenland,-3136.247,380.08
606,2013.5,Greenland,-3154.2651,381.1877
607,2013.5833,Greenland,-3172.1587,382.3063
608,2013.6667,Greenland,-3189.829,383.4228
609,2013.75,Greenland,-3207.1455,384.483
610,2013.8333,Greenland,-3223.8778,385.4107
611,2013.9167,Greenland,-3240.5534,386.3217
612,2014.0,Greenland,-3255.0857,387.0657
613,2014.0833,Greenland,-3269.3662,387.7564
614,2014.1667,Greenland,-3284.0111,388.4795
615,2014.25,Greenland,-3299.0951,389.1975
616,2014.3333,Greenland,-3314.2035,389.9169
617,2014.4167,Greenland,-3329.4778,390.6279
618,2014.5,Greenland,-3344.9152,391.3316
619,2014.5833,Greenland,-3360.424,392.0339
620,2014.6667,Greenland,-3376.0055,392.7307
621,2014.75,Greenland,-3391.5351,393.4236
622,2014.8333,Greenland,-3407.1082,394.1277
623,2014.9167,Greenland,-3422.5646,394.8527
624,2015.0,Greenland,-3439.9679,395.5823
625,2015.0833,Greenland,-3454.8015,396.2516
626,2015.1667,Greenland,-3469.902,396.9802
627,2015.25,Greenland,-3485.0281,397.7099
628,2015.3333,Greenland,-3500.2853,398.4411
629,2015.4167,Greenland,-3515.7209,399.1683
630,2015.5,Greenland,-3531.3332,399.9032
631,2015.5833,Greenland,-3546.9621,400.6414
632,2015.6667,Greenland,-3562.5827,401.379
633,2015.75,Greenland,-3578.0927,402.1199
634,2015.8333,Greenland,-3593.3653,402.8577
635,2015.9167,Greenland,-3608.298,403.5687
636,2016.0,Greenland,-3622.0834,404.2555
637,2016.0833,Greenland,-3635.8925,404.9313
638,2016.1667,Greenland,-3649.8547,405.6065
639,2016.25,Greenland,-3664.0257,406.2712
640,2016.3333,Greenland,-3678.3884,406.9335
641,2016.4167,Greenland,-3692.9256,407.6005
642,2016.5,Greenland,-3707.4691,408.2679
643,2016.5833,Greenland,-3722.0493,408.9494
644,2016.6667,Greenland,-3736.4828,409.6386
645,2016.75,Greenland,-3750.7313,410.3369
646,2016.8333,Greenland,-3764.3483,411.0239
647,2016.9167,Greenland,-3777.9259,411.7076
648,2017.0,Greenland,-3785.172,412.3067
649,2017.0833,Greenland,-3792.1711,412.9005
650,2017.1667,Greenland,-3799.2376,413.5062
651,2017.25,Greenland,-3806.4998,414.1125
652,2017.3333,Greenland,-3813.8763,414.6968
653,2017.4167,Greenland,-3821.2963,415.2624
654,2017.5,Greenland,-3828.6998,415.8271
655,2017.5833,Greenland,-3836.013,416.384
656,2017.6667,Greenland,-3843.2684,416.9346
657,2017.75,Greenland,-3850.4356,417.4715
658,2017.8333,Greenland,-3857.5479,417.9923
659,2017.9167,Greenland,-3864.4166,418.4534
660,2018.0,Greenland,-3874.0095,419.1395
661,2018.0833,Greenland,-3884.6054,419.6764
662,2018.1667,Greenland,-3895.8809,420.2467
663,2018.25,Greenland,-3907.4445,421.0341
664,2018.3333,Greenland,-3919.2078,421.9591
665,2018.4167,Greenland,-3931.2158,422.9458
666,2018.5,Greenland,-3943.5331,423.888
667,2018.5833,Greenland,-3963.9834,425.2304
668,2018.6667,Greenland,-3984.5628,426.5454
669,2018.75,Greenland,-4005.6782,427.8368
670,2018.8333,Greenland,-4027.579,429.0739
671,2018.9167,Greenland,-4050.6422,430.2358
672,2019.0,Greenland,-4088.0242,431.2517
673,2019.0833,Greenland,-4124.9166,432.079
674,2019.1667,Greenland,-4161.9672,432.8982
675,2019.25,Greenland,-4199.0471,433.7081
676,2019.3333,Greenland,-4236.0802,434.5151
677,2019.4167,Greenland,-4273.0419,435.3269
678,2019.5,Greenland,-4310.0035,436.1372
679,2019.5833,Greenland,-4346.9652,436.946
680,2019.6667,Greenland,-4383.9269,437.7533
681,2019.75,Greenland,-4420.9525,438.5664
682,2019.8333,Greenland,-4457.9781,439.378
683,2019.9167,Greenland,-4495.0934,440.1941
684,2020.0,Greenland,-4532.2088,441.0087
685,2020.0833,Greenland,-4564.9526,442.4564
686,2020.1667,Greenland,-4597.6965,443.8994
687,2020.25,Greenland,-4630.4403,445.3378
688,2020.3333,Greenland,-4663.1841,446.7715
689,2020.4167,Greenland,-4695.928,448.2006
690,2020.5,Greenland,-4728.6718,449.6252
691,2020.5833,Greenland,-4761.4156,451.0452
692,2020.6667,Greenland,-4794.1595,452.4609
693,2020.75,Greenland,-4826.9033,453.8721
694,2020.8333,Greenland,-4859.6471,455.2789
695,2020.9167,Greenland,-4892.391,456.6814
